{
  "sizes": [
    {
      "label": "17.9mm Dime (Small Charm)",
      "price": 13
    },
    {
      "label": "19mm Penny (Medium Charm)",
      "price": 15
    },
    {
      "label": "21.2mm Nickel (Large Charm)",
      "price": 18
    },
    {
      "label": "24.3mm Quarter (Small Pendant)",
      "price": 26
    },
    {
      "label": "25.4mm Lincoln (Pendant)",
      "price": 33
    },
    {
      "label": "30.6mm Half Dollar (Medium Pendant)",
      "price": 37
    },
    {
      "label": "38.1mm 1.5in (Large Pendant)",
      "price": 58
    },
    {
      "label": "50.8mm 2in",
      "price": 103
    },
    {
      "label": "63.5mm 2.5in",
      "price": 161
    }
  ],
  "addons": [
    {
      "name": "Beading",
      "price": 30
    },
    {
      "name": "Engraved pattern",
      "price": 45
    },
    {
      "name": "Engraved word/symbol (per)",
      "price": 4
    },
    {
      "name": "Embossed word/symbol (per)",
      "price": 4
    },
    {
      "name": "Cut out (per)",
      "price": 4
    },
    {
      "name": "Bale for chain",
      "price": 10
    }
  ],
  "baseDesignFee": 25
}