{
  "bandHeights": [
    {
      "label": "Small (3-6mm)",
      "price": 30
    },
    {
      "label": "Medium (6-9mm)",
      "price": 60
    },
    {
      "label": "Large (10-13mm)",
      "price": 90
    }
  ],
  "styles": [
    "Domed",
    "Flat",
    "Apex"
  ],
  "customizations": [
    {
      "name": "Engraved text/symbol (per)",
      "price": 4
    },
    {
      "name": "Embossed text/symbol (per)",
      "price": 4
    },
    {
      "name": "Channel (per)",
      "price": 3
    },
    {
      "name": "Engraved pattern",
      "price": 45
    },
    {
      "name": "Beading",
      "price": 30
    },
    {
      "name": "Cut out",
      "price": 4
    },
    {
      "name": "Rope braid",
      "price": 5
    },
    {
      "name": "Cuban small (requires channel)",
      "price": 5
    },
    {
      "name": "Cuban large (requires channel)",
      "price": 30
    },
    {
      "name": "Cut/modification",
      "price": 3
    },
    {
      "name": "Symbol (per)",
      "price": 4
    }
  ],
  "symbols": [
    "Cross",
    "Acts",
    "Praying hands",
    "Horse",
    "Horse shoe",
    "Yin and Yang",
    "Turtle dove",
    "Elephant",
    "Cardinal",
    "Heart",
    "Star",
    "Crescent moon",
    "Sunflower",
    "Paw",
    "Sun",
    "Rose",
    "Aries",
    "Taurus",
    "Gemini",
    "Cancer",
    "Leo",
    "Virgo",
    "Libra",
    "Scorpio",
    "Sagittarius",
    "Capricorn",
    "Aquarius",
    "Pisces"
  ]
}